t_rel_s,shm_used_mb,shm_sm_block_count,images_out_mb,pipelines
0.5,39119.03,5474,3688.35,0
0.8,39119.03,5474,3688.35,0
1.2,39358.6,5483,3688.35,0
1.2,39390.88,5483,3688.35,0
1.4,39199.11,5493,3688.35,0
1.4,39119.11,5493,3688.35,0
1.5,39119.11,5493,3688.35,0
1.5,39119.11,5493,3688.35,0
1.5,39119.11,5493,3688.35,0
1.5,39119.11,5493,3688.35,0
1.8,39119.14,5502,3688.35,0
1.8,39119.14,5502,3688.35,0
1.8,39119.14,5502,3688.35,0
1.8,39119.14,5502,3688.35,0
2.4,39119.14,5502,3688.35,0
2.9,39271.14,5502,3688.35,0
3.4,39119.14,5502,3688.35,0
3.9,39119.14,5502,3688.35,0
4.4,39119.14,5502,3688.35,0
4.7,39119.14,5502,3688.35,0
4.7,39119.14,5502,3688.35,0
4.7,39119.14,5502,3688.35,0
4.8,39119.14,5502,3688.35,0
4.8,39119.14,5503,3688.35,0
4.8,39119.22,5522,3688.35,0
4.8,39119.3,5542,3688.35,0
4.8,39119.38,5562,3688.35,0
4.8,39119.54,5602,3688.35,0
4.8,39119.6,5619,3688.35,0
4.8,39119.6,5619,3688.35,0
4.8,39119.6,5619,3688.35,0
4.8,39119.6,5619,3688.35,0
4.8,39119.6,5619,3688.35,0
4.8,39119.61,5622,3688.35,0
4.8,39119.69,5642,3688.35,0
4.8,39119.77,5662,3688.35,0
4.8,39119.85,5682,3688.35,0
4.8,39119.93,5702,3688.35,0
4.8,39120.07,5740,3688.35,0
4.8,39120.08,5742,3688.35,0
4.9,39120.08,5742,3688.35,0
5.1,39120.08,5742,3688.35,0
5.2,39120.08,5742,3688.35,0
5.2,39120.08,5742,3688.35,0
5.2,39120.08,5742,3688.35,0
5.3,39120.08,5742,3688.35,0
5.3,39120.08,5742,3688.35,0
5.3,39120.08,5742,3688.35,0
5.3,39120.08,5742,3688.35,0
5.3,39120.08,5742,3688.35,0
5.3,39120.08,5742,3688.35,0
5.3,39120.08,5742,3688.35,0
5.3,39120.08,5742,3688.35,0
5.3,39120.08,5742,3688.35,0
5.3,39120.08,5742,3688.35,0
5.4,39120.08,5742,3688.35,0
5.4,39120.08,5742,3688.35,0
5.4,39120.08,5742,3688.35,0
5.4,39120.08,5742,3688.35,0
5.6,39120.08,5742,3688.35,0
5.6,39120.08,5742,3688.35,0
5.6,39120.08,5742,3688.35,0
5.6,39120.08,5742,3688.35,0
5.6,39120.08,5742,3688.35,0
5.6,39120.08,5742,3688.35,0
5.6,39120.08,5742,3688.35,0
5.6,39120.08,5742,3688.35,0
5.6,39120.08,5742,3688.35,0
5.6,39120.08,5742,3688.35,0
5.6,39120.08,5742,3688.35,0
5.6,39120.08,5742,3688.35,0
5.6,39120.08,5742,3688.35,0
5.6,39120.08,5742,3688.35,0
5.6,39120.08,5742,3688.35,0
5.6,39120.08,5742,3688.35,0
5.6,39120.08,5742,3688.35,0
5.6,39120.08,5742,3688.35,0
5.6,39120.08,5742,3688.35,0
5.6,39120.08,5742,3688.35,0
6.2,39120.08,5742,3688.35,0
6.7,39272.08,5742,3688.35,0
7.2,39120.08,5742,3688.35,0
7.2,39120.08,5742,3688.35,0
7.4,39120.08,5742,3688.35,0
7.4,39120.08,5742,3688.35,0
7.6,39120.08,5742,3688.35,0
7.6,39120.08,5742,3688.35,0
7.6,39120.08,5742,3688.35,0
7.6,39120.08,5742,3688.35,0
7.6,39120.08,5742,3688.35,0
7.6,39120.08,5742,3688.35,0
7.6,39120.08,5742,3688.35,0
7.6,39120.08,5742,3688.35,0
7.6,39120.08,5742,3688.35,0
7.6,39120.08,5742,3688.35,0
7.6,39120.08,5742,3688.35,0
7.6,39120.08,5742,3688.35,0
7.6,39120.08,5742,3688.35,0
7.6,39120.08,5742,3688.35,0
7.6,39120.08,5742,3688.35,0
7.6,39120.08,5742,3688.35,0
7.6,39120.08,5742,3688.35,0
7.6,39120.08,5742,3688.35,0
7.6,39129.09,5742,3688.35,0
7.7,39153.57,5742,3688.35,0
7.7,39168.78,5742,3688.35,0
7.7,39183.2,5742,3688.35,0
8.0,39120.08,5742,3688.35,0
8.0,39120.08,5742,3688.35,0
8.0,39120.08,5742,3688.35,0
8.0,39120.08,5742,3688.35,0
8.0,39120.08,5742,3688.35,0
8.0,39120.08,5742,3688.35,0
8.0,39120.08,5742,3688.35,0
8.0,39120.08,5742,3688.35,0
8.1,39120.08,5742,3688.35,0
8.1,39120.08,5742,3688.35,0
8.2,39219.04,5742,3688.35,0
8.2,39239.64,5743,3688.35,0
8.2,39289.27,5743,3688.35,0
8.2,39289.27,5743,3688.35,0
8.2,39289.27,5743,3688.35,0
8.2,39289.27,5743,3688.35,0
8.2,39221.33,5744,3688.35,0
8.3,39225.88,5744,3688.35,0
8.3,39152.54,5744,3688.35,0
8.3,39154.45,5744,3688.35,0
8.3,39154.45,5744,3688.35,0
8.3,39154.45,5744,3688.35,0
8.3,39154.45,5744,3688.35,0
8.3,39154.45,5744,3688.35,0
8.3,39154.45,5744,3688.35,0
8.3,39154.45,5744,3688.35,0
8.3,39157.48,5745,3688.35,0
8.3,39164.41,5745,3688.35,0
8.3,39206.0,5745,3688.35,0
8.3,39206.0,5745,3688.35,0
8.5,39217.25,5746,3688.35,0
8.5,39223.18,5746,3688.35,0
8.6,39223.18,5746,3688.35,0
8.6,39223.18,5746,3688.35,0
8.6,39223.18,5746,3688.35,0
8.6,39223.18,5746,3688.35,0
8.6,39223.18,5746,3688.35,0
8.6,39223.18,5746,3688.35,0
8.6,39223.18,5746,3688.35,0
8.6,39223.18,5746,3688.35,0
8.6,39223.18,5746,3688.35,0
8.6,39223.18,5746,3688.35,0
8.6,39223.18,5746,3688.35,0
8.6,39223.18,5746,3688.35,0
8.6,39223.18,5746,3688.35,0
8.6,39223.18,5746,3688.35,0
8.6,39223.18,5746,3688.35,0
8.6,39223.18,5746,3688.35,0
8.6,39223.18,5746,3688.35,0
8.6,39223.18,5746,3688.35,0
8.6,39223.18,5746,3688.35,0
8.6,39223.18,5746,3688.35,0
8.6,39223.18,5746,3688.35,0
8.6,39223.18,5746,3688.35,0
8.6,39224.04,5748,3688.35,0
8.7,39224.16,5749,3688.35,0
8.7,39224.16,5749,3688.35,0
8.7,39224.16,5749,3688.35,0
8.7,39224.16,5749,3688.35,0
8.7,39225.94,5750,3688.35,0
8.7,39225.94,5750,3688.35,0
8.7,39226.16,5751,3688.35,0
8.7,39226.16,5751,3688.35,0
8.7,39226.16,5751,3688.35,0
8.7,39226.16,5751,3688.35,0
8.7,39228.77,5752,3688.35,0
8.7,39229.05,5754,3688.35,0
8.7,39229.06,5755,3688.35,0
8.7,39229.11,5756,3688.35,0
8.7,39229.11,5756,3688.35,0
8.8,39229.11,5756,3688.35,0
8.8,39229.11,5756,3688.35,0
8.8,39229.11,5756,3688.35,0
8.8,39229.11,5756,3688.35,0
8.8,39229.11,5756,3688.35,0
8.8,39229.11,5756,3688.35,0
8.8,39232.43,5757,3688.35,0
8.8,39244.71,5757,3688.35,0
8.8,39246.29,5757,3688.35,0
8.8,39246.29,5757,3688.35,0
8.8,39246.29,5757,3688.35,0
8.8,39246.29,5757,3688.35,0
8.8,39246.29,5757,3688.35,0
8.8,39249.33,5758,3688.35,0
8.9,39263.47,5758,3688.35,0
8.9,39263.47,5758,3688.35,0
8.9,39263.47,5758,3688.35,0
8.9,39263.47,5758,3688.35,0
8.9,39263.47,5758,3688.35,0
8.9,39263.47,5758,3688.35,0
8.9,39263.47,5758,3688.35,0
8.9,39276.41,5759,3688.35,0
8.9,39291.86,5759,3688.35,0
8.9,39311.94,5759,3688.35,0
8.9,39315.02,5759,3688.35,0
8.9,39315.02,5759,3688.35,0
8.9,39315.02,5759,3688.35,0
8.9,39315.02,5759,3688.35,0
8.9,39315.02,5759,3688.35,0
9.0,39315.02,5759,3688.35,0
9.0,39315.02,5759,3688.35,0
9.0,39315.02,5759,3688.35,0
9.0,39324.71,5759,3688.35,0
9.0,39344.15,5759,3688.35,0
9.0,39377.22,5759,3688.35,0
9.0,39395.02,5759,3688.35,0
9.0,39409.91,5759,3688.35,0
9.0,39428.67,5759,3688.35,0
9.0,39448.34,5759,3688.35,0
9.0,39464.24,5759,3688.35,0
9.0,39467.02,5759,3688.35,0
9.0,39467.02,5759,3688.35,0
9.0,39467.02,5759,3688.35,0
9.1,39467.02,5759,3688.35,0
9.1,39467.02,5759,3688.35,0
9.1,39467.02,5759,3688.35,0
9.1,39467.02,5759,3688.35,0
9.1,39315.02,5759,3688.35,0
9.1,39315.02,5759,3688.35,0
9.1,39322.4,5760,3688.35,0
9.1,39332.2,5760,3688.35,0
9.1,39332.2,5760,3688.35,0
9.1,39332.2,5760,3688.35,0
9.1,39332.2,5760,3688.35,0
9.1,39332.2,5760,3688.35,0
9.1,39332.2,5760,3688.35,0
9.1,39332.2,5760,3688.35,0
9.2,39332.2,5760,3688.35,0
9.2,39332.2,5760,3688.35,0
9.2,39332.2,5760,3688.35,0
9.2,39332.2,5760,3688.35,0
9.2,39332.2,5760,3688.35,0
9.2,39332.2,5760,3688.35,0
9.2,39332.2,5760,3688.35,0
9.2,39332.2,5760,3688.35,0
9.2,39332.2,5760,3688.35,0
9.2,39332.2,5760,3688.35,0
9.2,39332.2,5760,3688.35,0
9.2,39332.2,5760,3688.35,0
9.2,39332.2,5760,3688.35,0
9.2,39332.2,5760,3688.35,0
9.2,39332.2,5760,3688.35,0
9.3,39332.2,5760,3688.35,0
9.3,39332.2,5760,3688.35,0
9.3,39332.2,5760,3688.35,0
9.3,39332.2,5760,3688.35,0
9.3,39332.2,5760,3688.35,0
9.3,39332.2,5760,3688.35,0
9.3,39332.2,5760,3688.35,0
9.3,39332.2,5760,3688.35,0
9.3,39332.2,5760,3688.35,0
9.3,39332.2,5760,3688.35,0
9.3,39332.2,5760,3688.35,0
9.3,39332.2,5760,3688.35,0
9.3,39332.2,5760,3688.35,0
9.3,39332.2,5760,3688.35,0
9.3,39332.2,5760,3688.35,0
9.3,39332.2,5760,3688.35,0
9.3,39332.2,5760,3688.35,0
9.3,39332.2,5760,3688.35,0
9.3,39332.2,5760,3688.35,0
9.3,39335.17,5761,3688.35,0
9.4,39336.44,5761,3688.35,0
9.4,39341.08,5761,3688.35,0
9.4,39346.14,5761,3688.35,0
9.4,39349.5,5761,3688.35,0
9.4,39349.5,5761,3688.35,0
9.4,39349.5,5761,3688.35,0
9.4,39349.5,5761,3688.35,0
9.4,39349.5,5761,3688.35,0
9.4,39349.5,5761,3688.35,0
9.4,39349.5,5761,3688.35,0
9.4,39356.15,5762,3688.35,0
9.4,39366.8,5762,3688.35,0
9.4,39366.8,5762,3688.35,0
9.4,39366.8,5762,3688.35,0
9.4,39366.8,5762,3688.35,0
9.4,39366.8,5762,3688.35,0
9.4,39366.8,5762,3688.35,0
9.4,39367.66,5763,3688.35,0
9.4,39378.84,5765,3688.35,0
9.4,39391.92,5766,3688.35,0
9.4,39400.72,5766,3688.35,0
9.4,39414.01,5766,3688.35,0
9.5,39424.05,5768,3688.35,0
9.5,39424.27,5769,3688.35,0
9.5,39424.5,5770,3688.35,0
9.5,39424.5,5770,3688.35,0
9.5,39424.5,5770,3688.35,0
9.5,39424.5,5770,3688.35,0
9.5,39424.5,5770,3688.35,0
9.5,39424.5,5770,3688.35,0
9.5,39424.5,5770,3688.35,0
9.5,39424.55,5771,3688.35,0
9.5,39424.55,5771,3688.35,0
9.5,39424.57,5772,3688.35,0
9.5,39424.57,5772,3688.35,0
9.5,39424.57,5772,3688.35,0
9.5,39424.58,5773,3688.35,0
9.5,39424.61,5773,3688.35,0
9.5,39424.61,5773,3688.35,0
9.5,39424.61,5773,3688.35,0
9.5,39424.61,5773,3688.35,0
9.6,39424.61,5773,3688.35,0
9.6,39424.61,5773,3688.35,0
9.6,39424.61,5773,3688.35,0
9.6,39424.61,5773,3688.35,0
9.6,39424.61,5773,3688.35,0
9.6,39424.61,5773,3688.35,0
9.6,39424.61,5773,3688.35,0
9.6,39424.61,5773,3688.35,0
9.6,39424.61,5773,3688.35,0
9.6,39424.61,5773,3688.35,0
9.6,39424.61,5773,3688.35,0
9.6,39424.61,5773,3688.35,0
9.6,39424.61,5773,3688.35,0
9.6,39424.61,5773,3688.35,0
9.6,39424.61,5773,3688.35,0
9.7,39424.61,5773,3688.35,0
9.7,39424.61,5773,3688.35,0
9.7,39424.61,5773,3688.35,0
9.7,39424.61,5773,3688.35,0
9.7,39424.61,5773,3688.35,0
9.7,39424.61,5773,3688.35,0
9.7,39424.61,5773,3688.35,0
9.7,39424.61,5773,3688.35,0
9.7,39424.61,5773,3688.35,0
9.7,39424.61,5773,3688.35,0
9.7,39424.61,5773,3688.35,0
9.7,39424.61,5773,3688.35,0
9.7,39424.61,5773,3688.35,0
9.7,39424.61,5773,3688.35,0
9.7,39424.61,5773,3688.35,0
9.7,39424.61,5773,3688.35,0
9.7,39424.61,5773,3688.35,0
9.7,39424.61,5773,3688.35,0
9.7,39424.61,5773,3688.35,0
9.8,39424.61,5773,3688.35,0
9.8,39424.61,5773,3688.35,0
9.8,39424.89,5774,3688.35,0
9.8,39433.73,5774,3688.35,0
9.8,39441.91,5774,3688.35,0
9.8,39441.91,5774,3688.35,0
9.8,39441.91,5774,3688.35,0
9.8,39441.91,5774,3688.35,0
9.8,39441.91,5774,3688.35,0
9.8,39441.91,5774,3688.35,0
9.8,39441.91,5774,3688.35,0
9.8,39441.91,5774,3688.35,0
9.8,39441.91,5774,3688.35,0
9.8,39441.91,5774,3688.35,0
9.8,39441.91,5774,3688.35,0
9.8,39441.91,5774,3688.35,0
9.8,39441.91,5774,3688.35,0
9.8,39441.91,5774,3688.35,0
9.9,39441.91,5774,3688.35,0
9.9,39441.91,5774,3688.35,0
9.9,39441.91,5774,3688.35,0
9.9,39441.91,5774,3688.35,0
9.9,39441.91,5774,3688.35,0
9.9,39441.91,5774,3688.35,0
9.9,39441.91,5774,3688.35,0
9.9,39441.91,5774,3688.35,0
9.9,39441.91,5774,3688.35,0
9.9,39441.91,5774,3688.35,0
9.9,39441.91,5774,3688.35,0
9.9,39441.91,5774,3688.35,0
9.9,39441.91,5774,3688.35,0
9.9,39442.84,5775,3688.35,0
9.9,39442.96,5777,3688.35,0
10.0,39442.96,5777,3688.35,0
10.0,39444.38,5778,3688.35,0
10.0,39444.89,5779,3688.35,0
10.0,39444.89,5779,3688.35,0
10.0,39444.89,5779,3688.35,0
10.0,39447.59,5780,3688.35,0
10.0,39447.8,5781,3688.35,0
10.0,39447.8,5781,3688.35,0
10.0,39447.8,5781,3688.35,0
10.0,39447.86,5782,3688.35,0
10.0,39447.86,5783,3688.35,0
10.0,39447.87,5783,3688.35,0
10.0,39447.91,5784,3688.35,0
10.1,39447.91,5784,3688.35,0
10.1,39447.91,5784,3688.35,0
10.1,39453.24,5785,3688.35,0
10.1,39458.51,5785,3688.35,1
10.1,39465.0,5785,3688.35,1
10.1,39465.0,5785,3688.35,1
10.1,39465.0,5785,3688.35,1
10.1,39485.69,5785,3700.24,1
10.2,39650.8,5787,3700.24,1
10.2,39664.43,5787,3700.24,1
10.2,39671.12,5787,3700.24,1
10.2,39678.58,5787,3700.24,1
10.2,39685.35,5787,3700.24,1
10.2,39685.35,5787,3700.24,1
10.2,39685.35,5787,3700.24,1
10.2,39685.35,5787,3700.24,1
10.2,39685.35,5787,3700.24,1
10.2,39613.35,5787,3700.24,1
10.2,39533.35,5787,3700.24,1
10.2,39533.35,5787,3700.24,1
10.2,39533.35,5787,3700.24,1
10.3,39533.35,5787,3700.24,1
10.3,39533.35,5787,3700.24,1
10.3,39533.35,5787,3700.24,1
10.3,39533.35,5787,3700.24,1
10.3,39533.35,5787,3700.24,1
10.3,39533.35,5787,3700.24,1
10.3,39533.35,5787,3700.24,1
10.3,39533.35,5787,3700.24,1
10.3,39533.35,5787,3700.24,1
10.3,39533.35,5787,3700.24,1
10.3,39533.35,5787,3700.24,1
10.3,39533.35,5787,3700.24,1
10.3,39533.35,5787,3700.24,1
10.3,39533.35,5787,3700.24,1
10.3,39533.35,5787,3700.24,1
10.4,39533.35,5787,3700.24,1
10.4,39533.35,5787,3700.24,1
10.4,39533.35,5787,3700.24,1
10.4,39533.35,5787,3700.24,1
10.4,39533.35,5787,3700.24,1
10.4,39533.35,5787,3700.24,1
10.4,39533.35,5787,3700.24,1
10.4,39533.35,5787,3700.24,1
10.4,39533.35,5787,3700.24,1
10.4,39533.35,5787,3700.24,1
10.4,39533.35,5787,3700.24,1
10.4,39533.35,5787,3700.24,1
10.4,39533.35,5787,3700.24,1
10.4,39533.35,5787,3700.24,1
10.4,39533.35,5787,3700.24,1
10.4,39533.35,5787,3700.24,1
10.5,39533.35,5787,3700.24,1
10.5,39539.82,5788,3700.24,1
10.5,39550.44,5788,3700.24,1
10.5,39550.44,5788,3700.24,1
10.5,39550.44,5788,3700.24,1
10.5,39550.44,5788,3700.24,1
10.5,39550.44,5788,3700.24,1
10.5,39550.44,5788,3700.24,1
10.5,39550.44,5788,3700.24,1
10.5,39550.44,5788,3700.24,1
10.5,39550.44,5788,3700.24,1
10.5,39550.44,5788,3700.24,1
10.5,39550.44,5788,3700.24,1
10.5,39550.44,5788,3700.24,1
10.5,39550.44,5788,3700.24,1
10.5,39550.44,5788,3700.24,1
10.6,39550.44,5788,3700.24,1
10.6,39550.44,5788,3700.24,1
10.6,39550.44,5788,3700.24,1
10.6,39554.88,5788,3700.24,1
10.6,39563.73,5788,3700.24,1
10.6,39571.77,5788,3700.24,1
10.6,39580.83,5789,3700.24,1
10.6,39592.13,5791,3700.24,1
10.6,39610.22,5794,3700.24,1
10.6,39626.95,5795,3700.24,1
10.6,39636.77,5795,3700.24,1
10.6,39636.77,5795,3700.24,1
10.6,39639.1,5795,3700.24,1
10.6,39654.45,5795,3700.24,1
10.6,39669.02,5795,3700.24,1
10.6,39681.52,5795,3700.24,1
10.6,39695.61,5795,3700.24,1
10.6,39705.74,5795,3700.24,1
10.7,39708.77,5795,3700.24,1
10.7,39708.77,5796,3700.24,1
10.7,39708.82,5797,3700.24,1
10.7,39708.84,5797,3700.24,1
10.7,39708.88,5798,3700.24,1
10.7,39708.88,5798,3700.24,1
10.7,39708.88,5798,3700.24,1
10.7,39708.88,5798,3700.24,1
10.7,39708.88,5798,3700.24,1
10.7,39708.88,5798,3700.24,1
10.7,39708.88,5798,3700.24,1
10.7,39708.88,5798,3700.24,1
10.7,39636.88,5798,3700.24,1
10.7,39638.11,5799,3700.24,1
10.8,39565.62,5799,3700.24,1
10.8,39574.0,5799,3700.24,1
10.8,39574.0,5799,3700.24,1
10.8,39574.0,5799,3700.24,1
10.8,39574.0,5799,3700.24,1
10.8,39574.0,5799,3700.24,1
10.8,39578.16,5800,3700.24,1
10.8,39591.04,5800,3700.24,1
10.8,39591.13,5800,3700.24,1
10.8,39591.13,5800,3700.24,1
10.8,39591.13,5800,3700.24,1
10.8,39591.13,5800,3700.24,1
10.8,39591.13,5800,3700.24,1
10.8,39591.13,5800,3700.24,1
10.9,39609.42,5801,3700.24,1
10.9,39626.07,5801,3700.24,1
10.9,39637.69,5801,3700.24,1
10.9,39642.5,5801,3700.24,1
10.9,39642.5,5801,3700.24,1
10.9,39642.5,5801,3700.24,1
10.9,39642.5,5801,3700.24,1
10.9,39642.5,5801,3700.24,1
10.9,39642.5,5801,3700.24,1
10.9,39642.5,5801,3700.24,1
10.9,39642.5,5801,3700.24,1
10.9,39642.5,5801,3700.24,1
10.9,39650.53,5801,3700.24,1
10.9,39662.44,5801,3700.24,1
10.9,39672.35,5801,3700.24,1
11.0,39677.64,5801,3700.24,1
11.0,39684.88,5801,3700.24,1
11.0,39689.85,5801,3700.24,1
11.0,39694.87,5801,3700.24,1
11.0,39701.57,5801,3700.24,1
11.0,39711.69,5801,3700.24,1
11.0,39718.03,5801,3700.24,1
11.0,39722.5,5801,3700.24,1
11.0,39729.13,5801,3700.24,1
11.0,39733.85,5801,3700.24,1
11.0,39738.55,5801,3700.24,1
11.0,39752.46,5801,3700.24,1
11.0,39762.55,5801,3700.24,1
11.0,39771.39,5801,3700.24,1
11.1,39776.86,5801,3700.24,1
11.1,39786.02,5801,3700.24,1
11.1,39794.5,5801,3700.24,1
11.1,39794.5,5801,3700.24,1
11.1,39794.5,5801,3700.24,1
11.1,39794.5,5801,3700.24,1
11.1,39794.5,5801,3700.24,1
11.1,39794.5,5801,3700.24,1
11.1,39794.5,5801,3700.24,1
11.1,39794.5,5801,3700.24,1
11.1,39794.5,5801,3700.24,1
11.1,39795.11,5802,3700.24,1
11.1,39811.62,5802,3700.24,1
11.1,39811.62,5802,3700.24,1
11.2,39811.62,5802,3700.24,1
11.2,39811.62,5802,3700.24,1
11.2,39811.62,5802,3700.24,1
11.2,39811.62,5802,3700.24,1
11.2,39739.62,5802,3700.24,1
11.2,39739.62,5802,3700.24,1
11.2,39659.62,5802,3700.24,1
11.2,39659.62,5802,3700.24,1
11.2,39659.62,5802,3700.24,1
11.2,39659.62,5802,3700.24,1
11.2,39659.62,5802,3700.24,1
11.2,39659.62,5802,3700.24,1
11.2,39660.91,5803,3700.24,1
11.2,39661.08,5805,3700.24,1
11.3,39661.08,5805,3700.24,1
11.3,39661.08,5805,3700.24,1
11.3,39661.08,5805,3700.24,1
11.3,39661.08,5805,3700.24,1
11.3,39663.12,5807,3700.24,1
11.3,39663.39,5809,3700.24,1
11.3,39668.14,5809,3700.24,1
11.3,39678.44,5810,3700.24,1
11.3,39690.92,5810,3700.24,1
11.3,39703.34,5810,3700.24,1
11.3,39715.72,5811,3700.24,1
11.3,39731.45,5811,3700.24,1
11.3,39745.68,5812,3700.24,1
11.4,39746.39,5812,3700.24,1
11.4,39760.05,5812,3700.24,1
11.4,39771.11,5812,3700.24,1
11.4,39783.5,5812,3700.24,1
11.4,39795.21,5812,3700.24,1
11.4,39808.95,5812,3700.24,1
11.4,39818.39,5812,3700.24,1
11.4,39818.39,5812,3700.24,1
11.4,39818.39,5812,3700.24,1
11.4,39826.45,5813,3700.24,1
11.4,39833.18,5813,3700.24,1
11.4,39835.6,5813,3700.24,1
11.4,39835.6,5813,3700.24,1
11.4,39835.6,5813,3700.24,1
11.4,39835.6,5813,3700.24,1
11.4,39835.6,5813,3700.24,1
11.4,39835.6,5813,3700.24,1
11.4,39845.37,5814,3700.24,1
11.5,39852.81,5814,3700.24,1
11.5,39780.81,5814,3700.24,1
11.5,39780.81,5814,3700.24,1
11.5,39700.81,5814,3700.24,1
11.5,39700.81,5814,3700.24,1
11.5,39700.81,5814,3700.24,1
11.5,39700.81,5814,3700.24,1
11.5,39700.81,5814,3700.24,1
11.5,39709.16,5815,3700.24,1
11.5,39723.02,5815,3700.24,1
11.5,39735.92,5815,3700.24,1
11.5,39751.1,5815,3700.24,1
11.5,39752.43,5815,3700.24,1
11.5,39752.43,5815,3700.24,1
11.5,39752.43,5815,3700.24,1
11.5,39752.43,5815,3700.24,1
11.5,39752.43,5815,3700.24,1
11.5,39752.43,5815,3700.24,1
11.6,39752.43,5815,3700.24,1
11.6,39752.43,5815,3700.24,1
11.6,39752.43,5815,3700.24,1
11.6,39752.43,5815,3700.24,1
11.6,39752.43,5815,3700.24,1
11.6,39752.43,5815,3700.24,1
11.6,39752.43,5815,3700.24,1
11.6,39752.43,5815,3700.24,1
11.6,39752.43,5815,3700.24,1
11.6,39752.43,5815,3700.24,1
11.6,39752.43,5815,3700.24,1
11.6,39752.43,5815,3700.24,1
11.6,39752.43,5815,3700.24,1
11.6,39752.43,5815,3700.24,1
11.7,39752.43,5815,3700.24,1
11.7,39752.43,5815,3700.24,1
11.7,39752.43,5815,3700.24,1
11.7,39752.43,5815,3700.24,1
11.7,39752.43,5815,3700.24,1
11.7,39752.43,5815,3700.24,1
11.7,39752.43,5815,3700.24,1
11.7,39752.43,5815,3700.24,1
11.7,39752.43,5815,3700.24,1
11.7,39752.43,5815,3700.24,1
11.7,39752.43,5815,3700.24,1
11.7,39752.43,5815,3700.24,1
11.7,39752.43,5815,3700.24,1
11.7,39752.43,5815,3700.24,1
11.8,39752.43,5815,3700.24,1
11.8,39752.43,5815,3700.24,1
11.8,39752.43,5815,3700.24,1
11.8,39752.43,5815,3700.24,1
11.8,39752.43,5815,3700.24,1
11.8,39752.43,5815,3700.24,1
11.8,39752.43,5815,3700.24,1
11.8,39758.55,5816,3700.24,1
11.8,39769.63,5816,3700.24,1
11.8,39769.63,5816,3700.24,1
11.8,39778.7,5816,3700.24,1
11.8,39791.16,5816,3700.24,1
11.8,39802.9,5816,3700.24,1
11.8,39817.14,5816,3700.24,1
11.9,39832.96,5816,3700.24,1
11.9,39848.8,5816,3700.24,1
11.9,39849.63,5816,3700.24,1
11.9,39863.94,5816,3700.24,1
11.9,39880.62,5816,3700.24,1
11.9,39896.69,5816,3700.24,1
11.9,39912.69,5816,3700.24,1
11.9,39921.63,5816,3700.24,1
11.9,39921.63,5816,3700.24,1
11.9,39921.63,5816,3700.24,1
11.9,39921.63,5816,3700.24,1
11.9,39921.63,5817,3700.24,1
11.9,39922.93,5819,3700.24,1
11.9,39926.11,5821,3700.24,1
11.9,39927.62,5822,3700.24,1
11.9,39927.86,5823,3700.24,1
12.0,39927.86,5823,3700.24,1
12.0,39927.86,5823,3700.24,1
12.0,39927.86,5823,3700.24,1
12.0,39927.86,5823,3700.24,1
12.0,39855.86,5823,3700.24,1
12.0,39855.86,5823,3700.24,1
12.0,39775.86,5823,3700.24,1
12.0,39775.91,5824,3700.24,1
12.0,39775.92,5825,3700.24,1
12.0,39775.92,5825,3700.24,1
12.0,39775.92,5825,3700.24,1
12.0,39775.97,5826,3700.24,1
12.0,39775.97,5826,3700.24,1
12.0,39775.97,5826,3700.24,1
12.0,39775.97,5826,3700.24,1
12.0,39775.97,5826,3700.24,1
12.0,39775.97,5826,3700.24,1
12.0,39775.97,5826,3700.24,1
12.0,39775.97,5826,3700.24,1
12.0,39775.97,5826,3700.24,1
12.0,39775.97,5826,3700.24,1
12.0,39775.97,5826,3700.24,1
12.0,39775.97,5826,3700.24,1
12.1,39775.97,5826,3700.24,2
12.1,39775.97,5826,3700.24,2
12.1,39775.97,5826,3700.24,2
12.1,39775.97,5826,3700.24,2
12.1,39775.97,5826,3700.24,2
12.1,39779.64,5827,3700.24,2
12.1,39786.92,5827,3700.24,2
12.1,39793.04,5827,3700.24,2
12.1,39793.04,5827,3700.24,2
12.1,39793.04,5827,3700.24,2
12.1,39793.04,5827,3700.24,2
12.1,39793.04,5827,3700.24,2
12.1,39793.04,5827,3700.24,2
12.1,39793.04,5827,3700.24,2
12.1,39797.52,5828,3700.24,2
12.1,39807.25,5828,3700.24,2
12.1,39810.11,5828,3700.24,2
12.1,39810.11,5828,3700.24,2
12.1,39810.11,5828,3700.24,2
12.1,39810.11,5828,3700.24,2
12.1,39810.11,5828,3700.24,2
12.1,39810.11,5828,3700.24,2
12.2,39810.11,5828,3700.24,2
12.2,39810.11,5828,3700.24,2
12.2,39818.2,5829,3700.24,2
12.2,39840.86,5829,3700.24,2
12.2,39852.35,5829,3700.24,2
12.2,39857.42,5829,3700.24,2
12.2,39861.32,5829,3700.24,2
12.2,39861.32,5829,3700.24,2
12.2,39861.32,5829,3700.24,2
12.2,39861.32,5829,3700.24,2
12.2,39861.32,5829,3700.24,2
12.2,39861.32,5829,3700.24,2
12.2,39861.32,5829,3700.24,2
12.2,39861.32,5829,3700.24,2
12.3,39861.32,5829,3700.24,2
12.3,39861.32,5829,3700.24,2
12.3,39861.32,5829,3700.24,2
12.3,39861.32,5829,3700.24,2
12.3,39861.32,5829,3700.24,2
12.3,39861.32,5829,3700.24,2
12.3,39861.32,5829,3700.24,2
12.3,39861.32,5829,3700.24,2
12.3,39861.32,5829,3700.24,2
12.3,39861.32,5829,3700.24,2
12.3,39861.32,5829,3700.24,2
12.3,39861.32,5829,3700.24,2
12.3,39861.32,5829,3700.24,2
12.4,39861.32,5829,3700.24,2
12.4,39861.32,5829,3700.24,2
12.4,39861.32,5829,3700.24,2
12.4,39861.32,5829,3700.24,2
12.4,39861.32,5829,3700.24,2
12.4,39861.32,5829,3700.24,2
12.4,39867.0,5830,3700.24,2
12.4,39878.39,5830,3700.24,2
12.4,39878.39,5830,3700.24,2
12.4,39878.39,5830,3700.24,2
12.4,39878.39,5830,3700.24,2
12.4,39878.39,5830,3700.24,2
12.4,39878.39,5830,3700.24,2
12.4,39878.39,5830,3700.24,2
12.5,39878.39,5830,3700.24,2
12.5,39878.39,5830,3700.24,2
12.5,39878.39,5830,3700.24,2
12.5,39878.39,5830,3700.24,2
12.5,39878.39,5830,3700.24,2
12.5,39878.39,5830,3700.24,2
12.5,39878.39,5830,3700.24,2
12.5,39878.39,5830,3700.24,2
12.5,39878.39,5830,3700.24,2
12.5,39878.39,5830,3700.24,2
12.5,39878.39,5830,3700.24,2
12.5,39878.39,5830,3700.24,2
12.5,39878.39,5830,3700.24,2
12.5,39878.39,5830,3700.24,2
12.5,39878.39,5830,3700.24,2
12.5,39878.39,5830,3700.24,2
12.5,39878.39,5830,3700.24,2
12.6,39879.54,5831,3700.24,2
12.6,39882.36,5835,3700.24,2
12.6,39884.33,5836,3700.24,2
12.6,39884.55,5837,3700.24,2
12.6,39884.55,5837,3700.24,2
12.6,39884.55,5837,3700.24,2
12.6,39884.55,5837,3700.24,2
12.6,39884.55,5837,3700.24,2
12.6,39884.55,5837,3700.24,2
12.6,39884.55,5837,3700.24,2
12.6,39884.61,5838,3700.24,2
12.6,39884.62,5839,3700.24,2
12.6,39884.62,5839,3700.24,2
12.6,39884.66,5840,3700.24,2
12.6,39884.66,5840,3700.24,2
12.6,39884.66,5840,3700.24,2
12.6,39884.66,5840,3700.24,2
12.6,39884.66,5840,3700.24,2
12.7,39884.67,5841,3700.24,2
12.7,39891.85,5841,3700.24,2
12.7,39901.03,5841,3700.24,2
12.7,39901.79,5841,3700.24,2
12.7,39901.79,5841,3700.24,2
12.7,39901.79,5841,3700.24,2
12.7,39901.79,5841,3700.24,2
12.7,39909.05,5842,3700.24,2
12.7,39918.93,5842,3700.24,2
12.7,39918.93,5842,3700.24,2
12.7,39918.93,5842,3700.24,2
12.7,39918.93,5842,3700.24,2
12.7,39918.93,5842,3700.24,2
12.7,39918.93,5842,3700.24,2
12.7,39932.69,5843,3700.24,2
12.8,39951.75,5843,3700.24,2
12.8,39967.09,5843,3700.24,2
12.8,39970.32,5843,3700.24,2
12.8,39970.32,5843,3700.24,2
12.8,39970.32,5843,3700.24,2
12.8,39970.32,5843,3700.24,2
12.8,39970.32,5843,3700.24,2
12.8,39970.32,5843,3700.24,2
12.8,39970.32,5843,3700.24,2
12.8,39970.32,5843,3700.24,2
12.8,39970.32,5843,3700.24,2
12.8,39970.32,5843,3700.24,2
12.8,39970.32,5843,3700.24,2
12.8,39970.32,5843,3700.24,2
12.9,39970.32,5843,3700.24,2
12.9,39970.32,5843,3700.24,2
12.9,39970.32,5843,3700.24,2
12.9,39970.32,5843,3700.24,2
12.9,39970.32,5843,3700.24,2
12.9,39970.32,5843,3700.24,2
12.9,39970.32,5843,3700.24,2
12.9,39970.32,5843,3700.24,2
12.9,39970.32,5843,3700.24,2
12.9,39970.32,5843,3700.24,2
12.9,39970.32,5843,3700.24,2
12.9,39970.32,5843,3700.24,2
12.9,39970.32,5843,3700.24,2
13.0,39970.32,5843,3700.24,2
13.0,39970.32,5843,3700.24,2
13.0,39970.32,5843,3700.24,2
13.0,39970.32,5843,3700.24,2
13.0,39970.32,5843,3700.24,2
13.0,39970.32,5843,3700.24,2
13.0,39970.32,5843,3700.24,2
13.0,39970.32,5843,3700.24,2
13.0,39970.32,5843,3700.24,2
13.0,39970.32,5843,3700.24,2
13.0,39970.32,5843,3700.24,2
13.0,39970.32,5843,3700.24,2
13.0,39970.32,5843,3700.24,2
13.0,39970.32,5843,3700.24,2
13.1,39970.32,5843,3700.24,2
13.1,39974.01,5844,3700.24,2
13.1,39987.45,5844,3700.24,2
13.1,39987.45,5844,3700.24,2
13.1,39987.45,5844,3700.24,2
13.1,39987.45,5844,3700.24,2
13.1,39987.45,5844,3700.24,2
13.1,39987.45,5844,3700.24,2
13.1,39987.45,5844,3700.24,2
13.1,39987.45,5844,3700.24,2
13.1,39987.45,5844,3700.24,2
13.1,39987.45,5844,3700.24,2
13.1,39987.45,5844,3700.24,2
13.1,39987.45,5844,3700.24,2
13.1,39987.45,5844,3700.24,2
13.1,39987.45,5844,3700.24,2
13.1,39987.45,5844,3700.24,2
13.2,39987.45,5844,3700.24,2
13.2,39987.45,5844,3700.24,2
13.2,39987.93,5845,3700.24,2
13.2,39988.61,5847,3700.24,2
13.2,39988.61,5847,3700.24,2
13.2,39988.61,5847,3700.24,2
13.2,39991.12,5848,3700.24,2
13.2,39991.34,5849,3700.24,2
13.2,39991.4,5850,3700.24,2
13.2,39991.41,5851,3700.24,2
13.2,39991.41,5851,3700.24,2
13.2,39991.45,5852,3700.24,2
13.3,39991.45,5852,3700.24,2
13.3,39991.45,5852,3700.24,2
13.3,39991.88,5853,3700.24,2
13.3,39993.21,5853,3700.24,2
13.3,39993.43,5854,3700.24,2
13.3,39993.43,5854,3700.24,2
13.3,39993.43,5854,3700.24,2
13.3,39993.43,5854,3700.24,2
13.3,39993.43,5854,3700.24,2
13.3,39993.43,5854,3700.24,2
13.3,39993.43,5854,3700.24,2
13.3,39993.43,5854,3700.24,2
13.3,39993.43,5854,3700.24,2
13.3,39993.43,5854,3700.24,2
13.4,39994.24,5855,3700.24,2
13.4,39998.36,5855,3700.24,2
13.4,40005.57,5855,3700.24,2
13.4,40010.59,5855,3700.24,2
13.4,40010.59,5855,3700.24,2
13.4,40010.59,5855,3700.24,2
13.4,40010.59,5855,3700.24,2
13.4,40010.59,5855,3700.24,2
13.4,40010.59,5855,3700.24,2
13.4,40010.59,5855,3700.24,2
13.4,40013.09,5856,3700.24,2
13.4,40022.1,5856,3700.24,2
13.4,40027.75,5856,3700.24,2
13.4,40027.75,5856,3700.24,2
13.4,40027.75,5856,3700.24,2
13.4,40027.75,5856,3700.24,2
13.4,40027.75,5856,3700.24,2
13.4,40030.83,5857,3700.24,2
13.4,40046.07,5857,3700.24,2
13.4,40056.45,5857,3700.24,2
13.4,40066.0,5857,3700.24,2
13.4,40073.92,5857,3700.24,2
13.4,40079.22,5857,3700.24,2
13.5,40079.22,5857,3700.24,2
13.5,40079.22,5857,3700.24,2
13.5,40079.22,5857,3700.24,2
13.5,40079.22,5857,3700.24,2
13.5,40079.22,5857,3700.24,2
13.5,40079.22,5857,3700.24,2
13.5,40079.22,5857,3700.24,2
13.5,40079.22,5857,3700.24,2
13.5,40079.22,5857,3700.24,2
13.5,40079.22,5857,3700.24,2
13.5,40079.22,5857,3700.24,2
13.5,40079.22,5857,3700.24,2
13.5,40079.22,5857,3700.24,2
13.5,40079.22,5857,3700.24,2
13.5,40079.22,5857,3700.24,2
13.6,40079.22,5857,3700.24,2
13.6,40079.22,5857,3700.24,2
13.6,40079.22,5857,3700.24,2
13.6,40079.22,5857,3700.24,2
13.6,40079.22,5857,3700.24,2
13.6,40079.22,5857,3700.24,2
13.6,40079.22,5857,3700.24,2
13.6,40079.22,5857,3700.24,2
13.6,40079.22,5857,3700.24,2
13.6,40079.22,5857,3700.24,2
13.6,40079.22,5857,3700.24,2
13.6,40079.22,5857,3700.24,2
13.6,40079.22,5857,3700.24,2
13.6,40079.22,5857,3700.24,2
13.7,40079.22,5857,3700.24,2
13.7,40079.22,5857,3700.24,2
13.7,40079.22,5857,3700.24,2
13.7,40079.22,5857,3700.24,2
13.7,40079.22,5857,3700.24,2
13.7,40079.22,5857,3700.24,2
47.2,40069.33,5777,3731.92,2
